CII_combined_visit02_phase,CII_combined_visit02_flux,CII_combined_visit03_phase,CII_combined_visit03_flux,CII_combined_visit04_phase,CII_combined_visit04_flux,SiIII_1_visit02_phase,SiIII_1_visit02_flux,SiIII_1_visit03_phase,SiIII_1_visit03_flux,SiIII_1_visit04_phase,SiIII_1_visit04_flux,SiIV_combined_visit02_phase,SiIV_combined_visit02_flux,SiIV_combined_visit03_phase,SiIV_combined_visit03_flux,SiIV_combined_visit04_phase,SiIV_combined_visit04_flux,NV_combined_visit02_phase,NV_combined_visit02_flux,NV_combined_visit03_phase,NV_combined_visit03_flux,NV_combined_visit04_phase,NV_combined_visit04_flux
-0.013839375518728048,1.1666164756338335,-0.037227515676931944,0.8944518443682651,0.03240602428559214,1.242373075007147,-0.013839375518728048,1.037826154059091,-0.037227515676931944,0.8277640778946574,0.03240602428559214,1.0993556859047438,-0.013839375518728048,1.7113858526512415,-0.037227515676931944,0.8652863939722036,0.03240602428559214,1.1099076265742582,-0.013839375518728048,1.3696747209798819,-0.037227515676931944,0.867847150840976,0.03240602428559214,1.0788334128402375
-0.013144931072019972,1.3554348076709315,-0.03653307122294791,0.8365996682543966,0.033100468732300214,0.9846025037781021,-0.013144931072019972,1.120188155272084,-0.03653307122294791,0.846254490567094,0.033100468732300214,0.9512178283643085,-0.013144931072019972,1.221707421506713,-0.03653307122294791,0.7069447712515425,0.033100468732300214,1.1073157772647522,-0.013144931072019972,1.2415582572829231,-0.03653307122294791,0.636046414247063,0.033100468732300214,0.8309444490854367
-0.012450486632587854,1.154043546178307,-0.03583862679079175,0.6792863355995344,0.03379491317173233,1.1149177612883046,-0.012450486632587854,0.9592521514453561,-0.03583862679079175,1.0489706223142303,0.03379491317173233,0.8697848547638539,-0.012450486632587854,1.4467368428850642,-0.03583862679079175,0.6385060390499057,0.03379491317173233,1.0265315190211481,-0.012450486632587854,1.5701805796560895,-0.03583862679079175,0.7971083347074462,0.03379491317173233,0.9499241846152152
-0.01175604217860382,1.2343454628176975,-0.03514418233680772,0.8203429198920873,0.03448935761844041,0.9551221157148814,-0.01175604217860382,1.2427258880307912,-0.03514418233680772,1.1863585873267697,0.03448935761844041,1.163205496850451,-0.01175604217860382,1.4366863743379694,-0.03514418233680772,0.766737131386919,0.03448935761844041,1.1800042955837289,-0.01175604217860382,1.3110001313021582,-0.03514418233680772,0.9089908113607378,0.03448935761844041,1.2004005864080263
-0.01106159774644766,1.0217032746499055,-0.0344497378973756,0.918850592240047,0.035183802057872526,1.0182362868828931,-0.01106159774644766,1.2204603623978123,-0.0344497378973756,0.8789337441014337,0.035183802057872526,1.1717293649743492,-0.01106159774644766,1.3242492844555016,-0.0344497378973756,0.7410641400338304,0.035183802057872526,1.1565032630355414,-0.01106159774644766,1.244741899880876,-0.0344497378973756,0.7688883030645193,0.035183802057872526,1.0104160004002052
-0.010367153299739584,0.970796502379149,-0.03375529345066752,0.8087276149521778,0.0358782465045806,0.9229978960790359,-0.010367153299739584,1.2515241647050193,-0.03375529345066752,0.7550198486274583,0.0358782465045806,0.9346091503022586,-0.010367153299739584,1.2279591842514046,-0.03375529345066752,0.6377229741596262,0.0358782465045806,1.325656130814244,-0.010367153299739584,1.3698999235662517,-0.03375529345066752,0.7790657774967736,0.0358782465045806,1.0249623029830148
-0.009672708853031509,1.1838468443539334,-0.03306084900395945,0.7899815437541642,0.03657269095128868,0.9845585176785983,-0.009672708853031509,1.0272507536077675,-0.03306084900395945,0.8657733634858167,0.03657269095128868,1.1053999118665887,-0.009672708853031509,1.0921100116659261,-0.03306084900395945,0.6126244620110175,0.03657269095128868,0.9210448554243704,-0.009672708853031509,1.24342275271203,-0.03306084900395945,0.9023685311726296,0.03657269095128868,1.009123226466718
-0.008978264406323433,1.1220714935720277,-0.03236640455725137,0.8691059746283688,0.03726713539799675,1.099662191740005,-0.008978264406323433,1.3229391871882905,-0.03236640455725137,0.9119190414882227,0.03726713539799675,1.1957664371162275,-0.008978264406323433,1.437488755298388,-0.03236640455725137,0.6013491245454582,0.03726713539799675,1.151493819497157,-0.008978264406323433,1.3023166132576656,-0.03236640455725137,0.847209468633046,0.03726713539799675,1.2180779974114047
-0.008283819974167272,1.2014789229701164,-0.031671960110543296,0.6971148814034455,0.03796157983742887,0.9830640429911485,-0.008283819974167272,1.2270266120107558,-0.031671960110543296,1.0609098860656403,0.03796157983742887,1.1866795528190675,-0.008283819974167272,1.6520729333997684,-0.031671960110543296,0.7405909360917303,0.03796157983742887,1.1097501829779155,-0.008283819974167272,1.36349383849533,-0.031671960110543296,0.8894494579490477,0.03796157983742887,1.2487374574492622
-0.007589375520183239,1.1583369717764889,-0.030977515671111178,0.9204442416980777,0.03865602428413695,1.0084784359784802,-0.007589375520183239,1.1887321380218971,-0.030977515671111178,0.7931889209035684,0.03865602428413695,0.9928836472055722,-0.007589375520183239,1.2292073129670642,-0.030977515671111178,0.689502190909921,0.03865602428413695,0.7353128396189292,-0.007589375520183239,1.0032578027673003,-0.030977515671111178,0.7119510841108172,0.03865602428413695,1.10871106437466
-0.006894931080751121,1.1463253240026288,-0.03028307123167906,0.9735321889406098,0.039350468723569065,1.1553232400727405,-0.006894931080751121,1.0816088971589428,-0.03028307123167906,0.6358556000857649,0.039350468723569065,1.0602865556525876,-0.006894931080751121,1.5187554865878303,-0.03028307123167906,0.7586071970611145,0.039350468723569065,1.2135360447064578,-0.006894931080751121,1.3153059256904989,-0.03028307123167906,0.8112066690291133,0.039350468723569065,1.0526172686563837
-0.006200486634043045,1.0610435422250448,-0.029588626784970984,0.9696037207553464,0.04004491317027714,1.2380999305957598,-0.006200486634043045,1.5448827389952635,-0.029588626784970984,0.5539791536619026,0.04004491317027714,1.2441711129422048,-0.006200486634043045,2.0333465929595755,-0.029588626784970984,0.5854211830971056,0.04004491317027714,1.4506088515565732,-0.006200486634043045,1.593329373155121,-0.029588626784970984,0.788289452946103,0.04004491317027714,1.1519674931697614
-0.00550604218733497,1.2966126495417518,-0.028894182338262908,0.8099613633676547,0.04073935761698522,1.1772985917747947,-0.00550604218733497,1.1384152103007892,-0.028894182338262908,1.0160409432377373,0.04073935761698522,1.1724637947520025,-0.00550604218733497,1.9521899732561063,-0.028894182338262908,0.6283671406642342,0.04073935761698522,1.5322287831391768,-0.00550604218733497,1.445158441928818,-0.028894182338262908,0.7751857660206888,0.04073935761698522,1.0756169947580645
-0.004811597740626894,1.2886013780886123,-0.028199737891554832,0.7323239088494797,0.041433802056417335,1.2434774364394037,-0.004811597740626894,1.0477464218233263,-0.028199737891554832,0.774707150842865,0.041433802056417335,1.1667394963217188,-0.004811597740626894,1.518526936474521,-0.028199737891554832,0.7431611170359257,0.041433802056417335,1.205138404019154,-0.004811597740626894,1.560352291430516,-0.028199737891554832,0.7070819955856891,0.041433802056417335,1.2182252032472671
-0.004117153293918818,1.156870723696014,-0.027505293452122714,0.8055463332332726,0.04212824651040137,1.1064018900534118,-0.004117153293918818,1.1042395135233012,-0.027505293452122714,0.9012559879675673,0.04212824651040137,0.9584986042337957,-0.004117153293918818,1.271491197118528,-0.027505293452122714,0.884449703064229,0.04212824651040137,1.3154732669989206,-0.004117153293918818,1.2013191514436872,-0.027505293452122714,0.9779264743640591,0.04212824651040137,1.2137143343660317
-0.0034227088544867,1.042650206365688,-0.02681084900541464,0.8194387631932895,0.04282269094255753,1.1608598631684819,-0.0034227088544867,0.9475901497234657,-0.02681084900541464,0.9805443945218552,0.04282269094255753,1.2924379807427735,-0.0034227088544867,1.3720387699111056,-0.02681084900541464,0.8815950178000229,0.04282269094255753,1.1433077931885847,-0.0034227088544867,1.2341031317758124,-0.02681084900541464,0.8150026084404649,0.04282269094255753,0.8895289682519483
-0.002728264415054582,1.2255939199950396,-0.026116404558706563,1.1084975812555904,0.043517135389265604,0.9555488061337389,-0.002728264415054582,1.1472833367592778,-0.026116404558706563,1.0088190812756,0.043517135389265604,0.8572803273202401,-0.002728264415054582,1.3193652327811907,-0.026116404558706563,0.670626906082752,0.043517135389265604,0.8568816351471911,-0.002728264415054582,1.2356297981119222,-0.026116404558706563,0.7566325599629535,0.043517135389265604,0.9720604481604497
-0.0021601161133730784,1.1698036192991519,-0.025548071178491227,0.5641600458715136,0.04408528369094711,0.8252284108552634,-0.0021601161133730784,1.1933321734381293,-0.025548071178491227,1.0292580074690774,0.04408528369094711,0.9383824462339001,-0.0021601161133730784,1.181521778262096,-0.025548071178491227,0.5981537534682212,0.04408528369094711,0.9841194963715783,-0.0021601161133730784,1.4182562546086517,-0.025548071178491227,0.7899792637424663,0.04408528369094711,0.8785621912333231
0.04553544448572211,1.2142366090442278,0.024716924323001876,0.9317228105040244,0.09415380428254139,0.9373642730803374,0.04553544448572211,0.8440271041823174,0.024716924323001876,1.0835073749823463,0.09415380428254139,1.1562334923914412,0.04553544448572211,1.0753524059300659,0.024716924323001876,0.9240914733693458,0.09415380428254139,1.3992444153204282,0.04553544448572211,1.031452437427255,0.024716924323001876,0.7741967282772428,0.09415380428254139,1.0870912611826242
0.046229888932430185,1.2530910254028282,0.025411368769709952,0.7993701307028257,0.09484824872924946,1.1889521215461203,0.046229888932430185,1.1344769725066752,0.025411368769709952,1.1034959433195837,0.09484824872924946,1.151869540612575,0.046229888932430185,1.0866477261073448,0.025411368769709952,0.6714937089432954,0.09484824872924946,1.2676144014094535,0.046229888932430185,1.1244597001208672,0.025411368769709952,0.974528479772672,0.09484824872924946,0.9864028871165478
0.0469243333718623,1.1596621010932993,0.026105813216418028,0.8314608693093812,0.09554269316140562,1.039536134680669,0.0469243333718623,1.1559781119394046,0.026105813216418028,0.819154476507804,0.09554269316140562,0.927050581290136,0.0469243333718623,1.1615305358777013,0.026105813216418028,0.6552375767963969,0.09554269316140562,0.8950159081399848,0.0469243333718623,1.2192402584505617,0.026105813216418028,0.8267572827562828,0.09554269316140562,0.855288719756662
0.04761877781857038,1.077550820411398,0.026800257663126104,0.9206290195033726,0.09623713761538966,0.9173929798548387,0.04761877781857038,1.417455708085307,0.026800257663126104,0.9130043782220368,0.09623713761538966,1.1430464979143926,0.04761877781857038,1.4515946915870463,0.026800257663126104,0.7824645708948677,0.09623713761538966,0.7791400261074821,0.04761877781857038,1.3314707744923318,0.026800257663126104,0.8780042589457429,0.09623713761538966,0.8971569938899343
0.0483132222580025,1.291485224080175,0.02749470210983418,0.791047274825998,0.09693158205482177,0.958905704304348,0.0483132222580025,1.153908947903307,0.02749470210983418,1.0221851678011746,0.09693158205482177,1.101312199323182,0.0483132222580025,1.2982217435366012,0.02749470210983418,0.7730081644436966,0.09693158205482177,0.7138694508293962,0.0483132222580025,1.4081054552095236,0.02749470210983418,0.9564871352302923,0.09693158205482177,0.7182826538116999
0.04900766670471057,1.2307281618854786,0.028189146549266297,0.8965120844761907,0.09762602650152985,1.0069086865542263,0.04900766670471057,1.1406167656740966,0.028189146549266297,0.8378722152254061,0.09762602650152985,0.961978968135581,0.04900766670471057,1.4443195867691496,0.028189146549266297,0.80818576035308,0.09762602650152985,0.901060440100232,0.04900766670471057,1.300927721862278,0.028189146549266297,0.7658486962583886,0.09762602650152985,0.9548725001549504
0.04970211115141865,1.2817226762735114,0.028883590995974373,0.7428282889985857,0.09832047094823793,0.8900669787328624,0.04970211115141865,1.2257274961442501,0.028883590995974373,0.6772339147010152,0.09832047094823793,1.0394948176994614,0.04970211115141865,1.392705313994794,0.028883590995974373,0.8859589939231768,0.09832047094823793,0.878620166272718,0.04970211115141865,1.5295585182431966,0.028883590995974373,0.7101494311477845,0.09832047094823793,0.8864137025619137
0.050396555598126724,1.072390474594744,0.02957803543540649,0.7842744045377891,0.099014915394946,1.0489703519496167,0.050396555598126724,0.8796290868606736,0.02957803543540649,0.8729456623648315,0.099014915394946,0.8959171995868406,0.050396555598126724,1.2974699341735434,0.02957803543540649,0.8138465101433769,0.099014915394946,0.9397003307283023,0.050396555598126724,1.1543329878633952,0.02957803543540649,0.9309552556659456,0.099014915394946,0.8268560807244294
0.05109100003755884,1.2470039868876617,0.030272479882114567,1.0380437810537129,0.09970935984165408,1.0401098019272268,0.05109100003755884,1.0710485289248803,0.030272479882114567,1.041233397680858,0.09970935984165408,1.1547496890117595,0.05109100003755884,1.1390588023999586,0.030272479882114567,0.8606788256053833,0.09970935984165408,1.001623230566743,0.05109100003755884,1.2537018309436359,0.030272479882114567,0.9501555644522182,0.09970935984165408,0.992724594163543
0.05178544448426692,1.1006792187589995,0.030966924328822643,0.7784703815223574,0.1004038042810862,1.0609114556673969,0.05178544448426692,1.1737836066895826,0.030966924328822643,0.9675249370053545,0.1004038042810862,0.9515191843488714,0.05178544448426692,1.0747586156310964,0.030966924328822643,0.8492492142725554,0.1004038042810862,1.1119957662653581,0.05178544448426692,0.9798446005652635,0.030966924328822643,0.6866172059231971,0.1004038042810862,0.8499220923901921
0.052479888923699036,1.2669506594524789,0.03166136876825476,0.8988625501781412,0.10109824872779427,1.073161418919759,0.052479888923699036,1.102366602030925,0.03166136876825476,0.8854264070222856,0.10109824872779427,1.0705309949870714,0.052479888923699036,0.9871944143417921,0.03166136876825476,0.8649481303256717,0.10109824872779427,1.027225354593319,0.052479888923699036,1.16233437294766,0.03166136876825476,0.8371275885108167,0.10109824872779427,0.9307616463466427
0.05317433337040711,1.1687163269177887,0.032355813222238794,0.90933116240314,0.10179269316722639,1.1492527108437385,0.05317433337040711,1.0133335667674432,0.032355813222238794,0.9064228453415245,0.10179269316722639,0.8786998417586436,0.05317433337040711,1.3164105749787647,0.032355813222238794,0.8164461094778812,0.10179269316722639,1.0153057692013925,0.05317433337040711,1.0570587058714476,0.032355813222238794,0.7241782036190031,0.10179269316722639,1.1573202369085067
0.05386877781711519,1.2226106673004502,0.033050257654394954,0.7447205289002495,0.10248713761393446,1.1437838185805755,0.05386877781711519,1.2305238733227044,0.033050257654394954,0.6596650403523838,0.10248713761393446,1.1612749898928174,0.05386877781711519,0.9945859193968831,0.033050257654394954,0.8560964761189753,0.10248713761393446,1.3023808570139639,0.05386877781711519,1.2820583238567946,0.033050257654394954,0.9127364942443479,0.10248713761393446,0.8939782845786982
0.054563222256547306,1.1634178105275523,0.03374470210110303,0.8374360614320722,0.10318158206064254,0.929018427343026,0.054563222256547306,1.1015330852795813,0.03374470210110303,0.8548771345056954,0.10318158206064254,1.148792076343192,0.054563222256547306,1.243998761478813,0.03374470210110303,0.8695830611083344,0.10318158206064254,1.1566827946305467,0.054563222256547306,1.2889997782463467,0.03374470210110303,0.8194835298165227,0.10318158206064254,0.8535896746173496
0.05525766671053134,1.233361051153266,0.034439146547811106,0.7987482827082001,0.10387602650007466,1.0092331747677674,0.05525766671053134,1.1906778028530678,0.034439146547811106,0.9275769784041245,0.10387602650007466,1.238852964804466,0.05525766671053134,1.3510821496330103,0.034439146547811106,0.960844528189248,0.10387602650007466,1.0723684610929312,0.05525766671053134,1.319979200262646,0.034439146547811106,0.8714606146156234,0.10387602650007466,0.9428558429724269
0.05595211114996346,1.1355311750059565,0.03513359099451918,0.8530108294861772,0.10457047094678273,0.9946980756495526,0.05595211114996346,1.1172117485762838,0.03513359099451918,1.049180221940968,0.10457047094678273,1.0417175936819238,0.05595211114996346,1.0026864989506123,0.03513359099451918,0.6496871280609056,0.10457047094678273,0.9199828883476625,0.05595211114996346,1.3093432325782028,0.03513359099451918,0.8807774555052952,0.10457047094678273,0.6213191364801436
0.056646555589395575,1.2816345960714892,0.03582803544122726,0.7518544584129888,0.10526491538621485,1.0479214855572847,0.056646555589395575,1.0962864599769149,0.03582803544122726,0.7942482987155078,0.10526491538621485,1.111805943654705,0.056646555589395575,1.2437863227172057,0.03582803544122726,0.6485328156480685,0.10526491538621485,0.9040006201994085,0.056646555589395575,1.1969938259508206,0.03582803544122726,0.8533395039649259,0.10526491538621485,0.9480898229969326
0.05734100003610365,1.1443440937570302,0.03652247988793533,0.8226892040582944,0.10595935983292293,1.0942697255594827,0.05734100003610365,0.9838288678433141,0.03652247988793533,0.9617717068195425,0.10595935983292293,1.0858812347638631,0.05734100003610365,1.1627837755610544,0.03652247988793533,0.8472014536300234,0.10595935983292293,0.9075897206168677,0.05734100003610365,1.1600730157677526,0.03652247988793533,0.8771754156712948,0.10595935983292293,1.076281420390698
0.05803544448281173,1.2535696693136231,0.03721692433464341,0.889850175798905,0.106653804279631,0.9707807610047013,0.05803544448281173,1.3175882517573085,0.03721692433464341,0.8423771225823431,0.106653804279631,1.2816302209158565,0.05803544448281173,1.2429283221435234,0.03721692433464341,1.0194310470370527,0.106653804279631,1.2289423599591922,0.05803544448281173,1.0708344547382356,0.03721692433464341,0.8651742072528408,0.106653804279631,0.9003454266549008
0.0587298889295198,1.2880807648775128,0.03791136877407553,1.0779469245560858,0.10734824872633908,1.0036858680171707,0.0587298889295198,1.1073105272228985,0.03791136877407553,0.9968343518587225,0.10734824872633908,1.153040309656553,0.0587298889295198,1.274865520320265,0.03791136877407553,0.7435843243726683,0.10734824872633908,0.9697803815155623,0.0587298889295198,1.2777577404396685,0.03791136877407553,0.9948830058220303,0.10734824872633908,0.8866349113348934
0.05915340792853385,1.1015148785402706,0.03833488776581362,0.7601428833310894,0.10777176771807717,0.9413240183554621,0.05915340792853385,1.0060162478316186,0.03833488776581362,1.1516871631941208,0.10777176771807717,0.7038426655920754,0.05915340792853385,1.3466336689949048,0.03833488776581362,0.5998961901995898,0.10777176771807717,0.9864155787853122,0.05915340792853385,1.2803960035022368,0.03833488776581362,0.6998440990018114,0.10777176771807717,1.0055613453163241
0.11171618447406217,1.3408682193538735,0.08898766433412675,0.8892663285309264,0.16027639427920803,1.2076238118379654,0.11171618447406217,1.1243718448061084,0.08898766433412675,0.9169395040984338,0.16027639427920803,1.3348103928399846,0.11171618447406217,1.4170884019369163,0.08898766433412675,0.7638772034511517,0.16027639427920803,1.1825851094761655,0.11171618447406217,1.4687894332199536,0.08898766433412675,0.759185012783945,0.16027639427920803,0.9342417160702468
0.11241062892077025,1.2625934699113335,0.08968210878083482,0.9437531201671654,0.1609708387259161,0.9926206268806544,0.11241062892077025,1.1379870145723496,0.08968210878083482,0.6299193401523526,0.1609708387259161,0.886110366533626,0.11241062892077025,1.3398595901383348,0.08968210878083482,0.7076618091998452,0.1609708387259161,1.0781313563750896,0.11241062892077025,1.294811833423119,0.08968210878083482,0.9816677248615596,0.1609708387259161,1.1291399921047318
0.11310507336747833,1.0560124216214364,0.09037655322026694,1.0370339058050855,0.16166528317262419,0.9934489619761098,0.11310507336747833,0.9429132270395283,0.09037655322026694,0.9287255025449654,0.16166528317262419,0.9959990955055508,0.11310507336747833,1.3497961103892828,0.09037655322026694,0.5847755532365736,0.16166528317262419,0.9609701915996184,0.11310507336747833,1.3564823960578374,0.09037655322026694,0.8200703593452743,0.16166528317262419,0.9026616758559846
0.1137995178141864,1.0332244808794797,0.09107099766697502,0.8296981931644837,0.16235972761933226,0.871930697648331,0.1137995178141864,0.9425241915928023,0.09107099766697502,1.1178803072060883,0.16235972761933226,0.8405714986974754,0.1137995178141864,1.2068243046021008,0.09107099766697502,0.7610481617760987,0.16235972761933226,0.9711812042733782,0.1137995178141864,1.2440613639814213,0.09107099766697502,0.8805814313752096,0.16235972761933226,1.1907494832039822
0.11449396226089448,1.050019216588073,0.09176544210640714,0.9719968414735924,0.16305417206604034,1.050543236610671,0.11449396226089448,1.2767090477237757,0.09176544210640714,0.8916319780343814,0.16305417206604034,1.0794119411752474,0.11449396226089448,1.0644103706283659,0.09176544210640714,0.6145941538916726,0.16305417206604034,0.9169568713064382,0.11449396226089448,1.3212313258173018,0.09176544210640714,0.8128767061883655,0.16305417206604034,1.1039851591342018
0.1151884067003266,1.0244416061311505,0.09245988655311521,1.0287787812304383,0.1637486164981965,0.9085660358075723,0.1151884067003266,1.1399625147128967,0.09245988655311521,1.05626091993141,0.1637486164981965,0.890527714320281,0.1151884067003266,0.9225786526857037,0.09245988655311521,0.814243742813968,0.1637486164981965,0.8911376944920643,0.1151884067003266,1.1550150112466508,0.09245988655311521,0.9268149913866963,0.1637486164981965,1.0286639291850959
0.11588285114703467,0.9252381109782635,0.09315433099982329,0.8228155265176892,0.16444306095218053,1.1946723090469802,0.11588285114703467,0.9092409199711218,0.09315433099982329,1.295674158622207,0.16444306095218053,1.0378908150273742,0.11588285114703467,1.1108079162835138,0.09315433099982329,0.6506311637349397,0.16444306095218053,1.2576117132832267,0.11588285114703467,1.2294439297572892,0.09315433099982329,0.9837439463743004,0.16444306095218053,1.0936744857371945
0.11657729558646679,1.2593726937586027,0.09384877544653136,0.8522825415876414,0.16513750539161265,1.0025843520431443,0.11657729558646679,1.067064905213933,0.09384877544653136,1.1725959362641363,0.16513750539161265,1.1054937596460828,0.11657729558646679,1.1787598435945927,0.09384877544653136,0.6342295281071859,0.16513750539161265,0.9566286193947167,0.11657729558646679,1.1488673415397135,0.09384877544653136,0.9339402251283163,0.16513750539161265,0.8956335685514396
0.11727174003317486,1.0672156050258879,0.09454321988596348,0.9174843991192703,0.16583194983832072,0.8764797172014528,0.11727174003317486,1.2483965580199927,0.09454321988596348,1.2203043200165264,0.16583194983832072,1.2542905249924379,0.11727174003317486,1.146311387837758,0.09454321988596348,0.795610157747654,0.16583194983832072,1.1297524959148404,0.11727174003317486,1.2889718392150429,0.09454321988596348,0.7766516342324322,0.16583194983832072,0.9970919506234088
0.11796618447988294,1.1508255133532639,0.09523766433267156,0.8122011669670731,0.1665263942850288,0.9476198132733571,0.11796618447988294,1.0277688604128017,0.09523766433267156,0.9239074665427098,0.1665263942850288,0.6663533340309744,0.11796618447988294,0.9760635757642164,0.09523766433267156,0.6194456695551991,0.1665263942850288,0.881505805910898,0.11796618447988294,1.2975194217845811,0.09523766433267156,0.5548931079627192,0.1665263942850288,0.8126812291219107
0.11866062892659102,1.109476105292562,0.09593210877210367,0.7832287988104306,0.16722083873173688,0.9556013889478253,0.11866062892659102,0.8798253683956923,0.09593210877210367,0.9614955473809697,0.16722083873173688,1.1849293447928866,0.11866062892659102,1.0756878927106814,0.09593210877210367,0.601509971819837,0.16722083873173688,0.7007863217427296,0.11866062892659102,0.8157686811145427,0.09593210877210367,0.7745374791750226,0.16722083873173688,1.024607864543322
0.11935507337329909,1.1224217485864885,0.09662655321881175,0.9268070326037058,0.16791528317844495,0.9760771363002413,0.11935507337329909,1.037305873322698,0.09662655321881175,0.9532915330984102,0.16791528317844495,1.0310787431513249,0.11935507337329909,1.2015506648474341,0.09662655321881175,0.6308882924352422,0.16791528317844495,0.9569610885953748,0.11935507337329909,1.1024411141994237,0.09662655321881175,0.7138183793580232,0.16791528317844495,1.0922345391179427
0.12004951781273121,1.1468530399511065,0.09732099766551983,0.9333308182364758,0.16860972761787707,0.9457640780572171,0.12004951781273121,1.1019283220704505,0.09732099766551983,0.9536134058399313,0.16860972761787707,1.1921047822605744,0.12004951781273121,1.1767074772579944,0.09732099766551983,0.6963491459320738,0.16860972761787707,1.2206415049597366,0.12004951781273121,1.3987540868021109,0.09732099766551983,1.0326927410457423,0.16860972761787707,1.0109122134148323
0.12074396225216333,1.1603573090374413,0.09801544210495194,0.9237852347564073,0.16930417206458515,0.8886388672426552,0.12074396225216333,1.2091717607352022,0.09801544210495194,0.8337300898535068,0.16930417206458515,1.0549192097159092,0.12074396225216333,1.1502143772177706,0.09801544210495194,0.654079843437439,0.16930417206458515,0.9812449823179977,0.12074396225216333,1.4317400022701006,0.09801544210495194,0.7850851955671829,0.16930417206458515,0.9122691387172914
0.1214384066988714,1.1843536107492227,0.09870988655893598,0.9087544395857904,0.16999861650401726,1.0970536142707974,0.1214384066988714,1.1323158989353106,0.09870988655893598,0.7605086447323112,0.16999861650401726,1.1446483643181344,0.1214384066988714,1.3007754811872523,0.09870988655893598,0.7443013168801729,0.16999861650401726,0.961248020442257,0.1214384066988714,1.246682975532852,0.09870988655893598,0.9033363708912008,0.16999861650401726,1.0988097564845893
0.12213285114557948,1.1237728162727878,0.09940433099109214,0.8731437228322013,0.17069306095072534,1.0803649056256588,0.12213285114557948,1.4326704855583514,0.09940433099109214,0.7534381987808799,0.17069306095072534,0.8548794467265721,0.12213285114557948,1.3324141831559855,0.09940433099109214,0.8152901847987887,0.17069306095072534,1.092379157727738,0.12213285114557948,1.0254281690732092,0.09940433099109214,1.0334562420929765,0.17069306095072534,0.84380135976384
0.1228272955850116,1.1430962700684546,0.10009877543780021,0.9404572369477148,0.17138750539743342,1.012982640342695,0.1228272955850116,1.2174585880429423,0.10009877543780021,0.8911865960328623,0.17138750539743342,1.0810259317860427,0.1228272955850116,1.486615169778311,0.10009877543780021,0.7285305930442706,0.17138750539743342,1.1725989007315638,0.1228272955850116,1.5825877304638898,0.10009877543780021,0.748323048247971,0.17138750539743342,1.2139678734245585
0.12352174003899563,1.162062220507144,0.10079321988450829,0.8793711375122786,0.17208194983686553,0.9845372528420712,0.12352174003899563,0.9870520955894758,0.10079321988450829,0.8208817205928298,0.17208194983686553,0.9509506781374457,0.12352174003899563,1.1264762454082757,0.10079321988450829,0.7322773715614006,0.17208194983686553,1.0300619612071442,0.12352174003899563,1.1873712716713258,0.10079321988450829,0.7451951501322498,0.17208194983686553,0.9376418954680008
0.12421618447115179,1.1393948984938398,0.10148766433121637,0.8011028809551375,0.1727763942835736,1.025946915754682,0.12421618447115179,0.9776034602352377,0.10148766433121637,1.017543608776063,0.1727763942835736,1.0387746668955535,0.12421618447115179,1.126326999447874,0.10148766433121637,0.6250583140874385,0.1727763942835736,0.9409987531086745,0.12421618447115179,1.4456852854633229,0.10148766433121637,0.8507847353551953,0.1727763942835736,0.9858075150677376
0.12491062892513582,1.1758354065594143,0.10218210877792444,1.030406570474586,0.17347083872300573,1.109086061998472,0.12491062892513582,0.8481519430835728,0.10218210877792444,1.238719281126997,0.17347083872300573,1.070547078375901,0.12491062892513582,1.1018804442724772,0.10218210877792444,0.5944085583371534,0.17347083872300573,1.090573775786388,0.12491062892513582,1.6253358260649664,0.10218210877792444,0.8972278055099439,0.17347083872300573,1.1327430528797875
0.12533396283106413,1.0720634007838445,0.10260581284819636,0.9975324658879906,0.17389435772201978,0.9953120797850848,0.12533396283106413,1.1046936021746225,0.10260581284819636,1.018142281988332,0.17389435772201978,1.0207627829760149,0.12533396283106413,1.408539255719221,0.10260581284819636,0.7719686127935799,0.17389435772201978,1.0283826702603391,0.12533396283106413,1.013081649960916,0.10260581284819636,0.9091430151889872,0.17389435772201978,1.0190997350228184
0.1778969244842301,1.044857946704935,0.15368692432821263,0.8494034923262793,0.22641083427879494,1.0863071702214953,0.1778969244842301,1.025460168191165,0.15368692432821263,0.9246544670179103,0.22641083427879494,0.8146782893580263,0.1778969244842301,1.2919955253530835,0.15368692432821263,0.5519927287582282,0.22641083427879494,0.9858106672744419,0.1778969244842301,0.7087429126174657,0.15368692432821263,0.7278811715005833,0.22641083427879494,0.89157930340413
0.17859136892366223,1.0400586390501239,0.1543813687749207,0.7747320624669046,0.227105278725503,1.060864398920993,0.17859136892366223,1.1217786980443667,0.1543813687749207,0.9707255415104283,0.227105278725503,0.9170196116596065,0.17859136892366223,1.1425454982436665,0.1543813687749207,0.6874996874515487,0.227105278725503,0.7386740525538227,0.17859136892366223,1.0899581405411378,0.1543813687749207,0.9339490133434162,0.227105278725503,1.0491495561627713
0.1792858133703703,0.972356376251449,0.15507581322162878,0.8547413406622437,0.2277997231722111,0.9299907873401602,0.1792858133703703,0.7635826371091115,0.15507581322162878,0.9403438244349352,0.2277997231722111,1.1459392492924516,0.1792858133703703,0.8461358962859176,0.15507581322162878,0.777929164641173,0.2277997231722111,0.9106151247472927,0.1792858133703703,1.1174372000258896,0.15507581322162878,0.7168192461445114,0.2277997231722111,1.06260132860641
0.17998025781707838,1.0582052916090785,0.15577025766833685,0.9755961015358132,0.22849416761891916,1.0042841425862543,0.17998025781707838,1.0236498838393564,0.15577025766833685,0.8362887342810094,0.22849416761891916,1.1881178063035003,0.17998025781707838,0.9995165410355566,0.15577025766833685,0.892636665565021,0.22849416761891916,0.9124273654138216,0.17998025781707838,0.9753516746756176,0.15577025766833685,0.9498906704672345,0.22849416761891916,0.7286137805260819
0.18067470226378646,1.0572966392795222,0.15646470211504493,1.4010651925403577,0.22918861206562724,0.9123919724532438,0.18067470226378646,0.9290844422619788,0.15646470211504493,1.310396081435798,0.22918861206562724,1.0089017050147366,0.18067470226378646,0.9763356582481126,0.15646470211504493,1.933645940091245,0.22918861206562724,1.1122040740506087,0.18067470226378646,1.182432267833413,0.15646470211504493,1.872861186924709,0.22918861206562724,1.0281989988561864
0.18136914670321858,0.9167342917869615,0.1571591465472011,1.3642041377501035,0.2298830564977834,1.124306921524837,0.18136914670321858,1.0318659625771693,0.1571591465472011,1.578275289678633,0.2298830564977834,1.0904489364749892,0.18136914670321858,1.0245606397106675,0.1571591465472011,1.790085378973731,0.2298830564977834,1.0257607163940954,0.18136914670321858,0.9661809011469554,0.1571591465472011,1.660337944483182,0.2298830564977834,1.1811514166082977
0.1820635911426507,1.0055605637307143,0.15785359100118512,0.9949040291408517,0.23057750095176743,1.0714748978994195,0.1820635911426507,0.9519869495578773,0.15785359100118512,1.0909853604313202,0.23057750095176743,1.1915456491990195,0.1820635911426507,1.0529128902155032,0.15785359100118512,1.017389980401683,0.23057750095176743,0.9887171814498594,0.1820635911426507,0.9936341695065161,0.15785359100118512,0.8608511195323026,0.23057750095176743,1.1402210590451327
0.18275803558935877,0.9444865050388782,0.15854803544061724,0.9968044000221432,0.23127194539119955,0.9011534718128928,0.18275803558935877,0.8895816329134083,0.15854803544061724,1.0671397719741145,0.23127194539119955,0.8825654432686775,0.18275803558935877,0.9243228506125692,0.15854803544061724,0.925114293789755,0.23127194539119955,1.0521806968859895,0.18275803558935877,0.9745764796357695,0.15854803544061724,0.993863085578025,0.23127194539119955,1.0592645306575557
0.18345248003606685,0.8754637426170494,0.15924247988732532,1.112310391345882,0.23196638983790763,1.0308729673859165,0.18345248003606685,0.9655007008433801,0.15924247988732532,1.030470979900299,0.23196638983790763,0.7993363067587648,0.18345248003606685,1.061740086322344,0.15924247988732532,1.050092998736842,0.23196638983790763,1.0632945329805936,0.18345248003606685,0.8973222394206652,0.15924247988732532,1.0401971363150202,0.23196638983790763,1.2101266003673883
0.18414692448277492,1.0286082057432182,0.1599369243340334,1.033640966994341,0.2326608342846157,1.0257102322600442,0.18414692448277492,0.9270693058118927,0.1599369243340334,0.9828421974542846,0.2326608342846157,0.8225804219496212,0.18414692448277492,1.084072493220895,0.1599369243340334,0.9003863733328504,0.2326608342846157,0.8098182638628474,0.18414692448277492,0.9614276299712163,0.1599369243340334,1.0087990196978935,0.2326608342846157,1.1640943247220952
0.184841368929483,0.9527942681960048,0.16063136878074147,1.0907892525693323,0.23335527873132378,0.885863112377359,0.184841368929483,0.9643150849927243,0.16063136878074147,0.9915464145873406,0.23335527873132378,1.1249786881781947,0.184841368929483,0.9286663740653596,0.16063136878074147,0.9264390767623717,0.23335527873132378,0.6985202471823311,0.184841368929483,1.0265647325243306,0.16063136878074147,1.0762130937999377,0.23335527873132378,0.9316301579772451
0.18553581337619107,0.9216708769009012,0.16132581322744954,0.9514302665541423,0.23404972317803185,0.9522859675768242,0.18553581337619107,0.9451489899216045,0.16132581322744954,1.1160058981321157,0.23404972317803185,1.036138805001655,0.18553581337619107,1.0435802563471313,0.16132581322744954,0.8584225156328155,0.23404972317803185,0.9847640877955204,0.18553581337619107,0.9698969126485742,0.16132581322744954,0.9164273106959994,0.23404972317803185,1.0177916904761228
0.18623025782289915,0.9445237288375175,0.16202025766688166,1.0414705197804743,0.23474416761746397,0.973382896910648,0.18623025782289915,1.0190672279236306,0.16202025766688166,1.1878659184650437,0.23474416761746397,1.116745164185848,0.18623025782289915,0.822801233275507,0.16202025766688166,0.6646770722046624,0.23474416761746397,1.146266068303864,0.18623025782289915,0.9330902082002782,0.16202025766688166,1.034681629750817,0.23474416761746397,1.1409297331862263
0.1869247022550553,0.9997686500003092,0.16271470211358974,0.9377681513387862,0.23543861206417205,0.9187477627372568,0.1869247022550553,1.0416853409399849,0.16271470211358974,1.0163963238286002,0.23543861206417205,1.0175956119788456,0.1869247022550553,0.8944210385031374,0.16271470211358974,0.8315170495407009,0.23543861206417205,0.9519082640263642,0.1869247022550553,0.9877811652951428,0.16271470211358974,1.1579747799561826,0.23543861206417205,1.1980355313469913
0.18761914670903934,0.9313074758242379,0.16340914655302186,0.9006530356117723,0.23613305650360417,1.0468658338003594,0.18761914670903934,1.0001260510310506,0.16340914655302186,1.0975684213877888,0.23613305650360417,1.05700782379358,0.18761914670903934,0.9392506028664874,0.16340914655302186,0.9777130183201205,0.23613305650360417,1.1433301004480565,0.18761914670903934,0.7500733863701616,0.16340914655302186,1.0285804279034954,0.23613305650360417,1.0654964156480098
0.18831359114847146,1.0017809364409176,0.16410359099972993,0.899845115940057,0.23682750095031224,1.109371455184589,0.18831359114847146,1.024595847593091,0.16410359099972993,0.8782186869080567,0.23682750095031224,1.1450244665059555,0.18831359114847146,1.1477390685972024,0.16410359099972993,0.8564236815905001,0.23682750095031224,0.7636874351643341,0.18831359114847146,0.8505325680425234,0.16410359099972993,1.0208871080461166,0.23682750095031224,0.8136021423969644
0.18900803559517954,0.9850215101740045,0.164798035446438,1.0199863012375567,0.23752194539702032,0.9366164299894312,0.18900803559517954,1.1341571641877635,0.164798035446438,0.8660680321465113,0.23752194539702032,0.8590740796612191,0.18900803559517954,1.1684225832572703,0.164798035446438,1.0633304340941157,0.23752194539702032,0.7778939936924247,0.18900803559517954,0.9998227493957232,0.164798035446438,0.8495969424695615,0.23752194539702032,1.1518698644457945
0.1897024800418876,1.0591524087030615,0.16549247988587013,0.9348626788405594,0.23821638983645244,0.9548435703914097,0.1897024800418876,1.0125313314487305,0.16549247988587013,1.0545931439597411,0.23821638983645244,0.9467405328632892,0.1897024800418876,1.0438297112130759,0.16549247988587013,0.9747659751527371,0.23821638983645244,0.9975851607179815,0.1897024800418876,0.9762828307856721,0.16549247988587013,0.9314484900771712,0.23821638983645244,1.0430969164248243
0.19039692448131973,0.9339991386396224,0.1661869243325782,0.9686372552251268,0.2389108342831605,1.0850338005561593,0.19039692448131973,1.0202257806266155,0.1661869243325782,1.11287747851215,0.2389108342831605,0.7726704064383031,0.19039692448131973,1.0956504897608075,0.1661869243325782,0.9596792015710138,0.2389108342831605,0.8031078907705219,0.19039692448131973,1.1848777005515498,0.1661869243325782,1.1488677429707943,0.2389108342831605,0.8567473891227386
0.1910913689280278,1.0405198783476706,0.16688136877201032,1.1039725625834942,0.23960527872259263,0.9075910637624848,0.1910913689280278,1.0202570148898313,0.16688136877201032,0.8700926936243044,0.23960527872259263,1.0112967567650113,0.1910913689280278,1.0220755265970294,0.16688136877201032,1.0569622907135041,0.23960527872259263,0.9410188232275759,0.1910913689280278,0.8834011124321729,0.16688136877201032,0.9331046533711855,0.23960527872259263,1.120657850783439
0.1915147028339561,1.0856929430316689,0.16730488777102437,0.9804165896230418,0.24002879772160668,1.1635264585322367,0.1915147028339561,0.7164631077623993,0.16730488777102437,1.3067533542697083,0.24002879772160668,1.1918275199889776,0.1915147028339561,1.0567860906071935,0.16730488777102437,0.9876065450360546,0.24002879772160668,1.092479688307916,0.1915147028339561,1.094438221799741,0.16730488777102437,1.1719888140949515,0.24002879772160668,0.9021437070052915
0.24406581448420184,1.0536174550225648,0.21985581432818435,1.0828918942167443,0.29254528428282356,0.9348190557870005,0.24406581448420184,0.8093109358835466,0.21985581432818435,0.849031847642337,0.29254528428282356,0.9938608247460612,0.24406581448420184,1.0381732500974383,0.21985581432818435,0.7157627774612357,0.29254528428282356,0.9938278797664759,0.24406581448420184,1.0624364257158923,0.21985581432818435,0.9792438925358194,0.29254528428282356,1.0059328536354941
0.24476025892363396,0.8770496322156185,0.22055025877489243,0.8871588176431797,0.2932397287222557,0.9756696196010994,0.24476025892363396,1.0197364609531732,0.22055025877489243,0.9573755494628274,0.2932397287222557,0.9691876720994528,0.24476025892363396,0.8449500207411366,0.22055025877489243,0.5999227899163732,0.2932397287222557,1.010556310955958,0.24476025892363396,0.8223707912680623,0.22055025877489243,0.8106187340786037,0.2932397287222557,0.8835113190310626
0.24545470337034203,1.0107175026742543,0.2212447032216005,1.00149134255426,0.29393417316896375,0.8244699515987045,0.24545470337034203,1.107784209874495,0.2212447032216005,0.9417899477065702,0.29393417316896375,0.9403458821345106,0.24545470337034203,0.8663109437473399,0.2212447032216005,0.9672162432156098,0.29393417316896375,1.0821809365965431,0.24545470337034203,1.0875022664980492,0.2212447032216005,0.8352792576494149,0.29393417316896375,0.8819936638408556
0.2461491478170501,0.9663791203368016,0.22193914766830858,0.8467292935571518,0.29462861761567183,1.1140159061364474,0.2461491478170501,1.0265382416858893,0.22193914766830858,0.9013800068867702,0.29462861761567183,0.9097675993421129,0.2461491478170501,0.94868428491837,0.22193914766830858,0.9228288452198374,0.29462861761567183,0.8957855997083519,0.2461491478170501,0.9671465016614632,0.22193914766830858,1.0511942281109372,0.29462861761567183,0.7995808642933387
0.24684359226375818,1.1898878023657704,0.22263359211501665,0.9305126864941834,0.29532306205510395,1.0053161890082576,0.24684359226375818,1.20076812289042,0.22263359211501665,0.9878296197871029,0.29532306205510395,1.1617353089227183,0.24684359226375818,1.1081935978136748,0.22263359211501665,0.7512727857786468,0.29532306205510395,1.2534417058568392,0.24684359226375818,0.935215923948523,0.22263359211501665,0.7929512728137891,0.29532306205510395,1.2102279585313138
0.2475380367031903,1.1087715668873113,0.22332803654717281,0.8980217290923979,0.296017506501812,1.087717787814831,0.2475380367031903,1.1397424958312314,0.22332803654717281,0.7472868615367562,0.296017506501812,0.9131067484718821,0.2475380367031903,0.9493816226021197,0.22332803654717281,0.8521205986004954,0.296017506501812,1.0771375620107415,0.2475380367031903,1.0095152376422825,0.22332803654717281,0.9683550998462144,0.296017506501812,1.0899171558854388
0.24823248114262242,1.0434465809954059,0.22402248100115685,0.9378721718089839,0.29671195094124414,1.0507350744860056,0.24823248114262242,1.0622331963809166,0.22402248100115685,1.0250506964045776,0.29671195094124414,1.0154185554791306,0.24823248114262242,1.0465063899057403,0.22402248100115685,0.8257713777046826,0.29671195094124414,0.8148477696982543,0.24823248114262242,1.3064641314555903,0.22402248100115685,0.9139825904442689,0.29671195094124414,1.0205824724738521
0.2489269255893305,1.0098154084589674,0.22471692544058897,0.9797346058308477,0.2974063953879522,1.0311941444209725,0.2489269255893305,1.040553312446916,0.22471692544058897,0.8834832025720984,0.2974063953879522,1.165189970622563,0.2489269255893305,0.8392917623413214,0.22471692544058897,0.7480052733228174,0.2974063953879522,0.8131460778360017,0.2489269255893305,1.20896444864322,0.22471692544058897,0.8245857534224954,0.2974063953879522,1.1257930891796541
0.24962137003603857,0.9361952742763417,0.22541136988729704,0.9533892022958009,0.2981008398346603,0.9858640959104181,0.24962137003603857,0.9713678058935008,0.22541136988729704,1.0910874437006983,0.2981008398346603,0.8651098089274042,0.24962137003603857,0.8530986590391668,0.22541136988729704,0.9622191707334505,0.2981008398346603,1.081997560030535,0.24962137003603857,0.8622782331872363,0.22541136988729704,0.977300154860632,0.2981008398346603,0.8619706875537099
0.25031581448274665,1.0114603243142224,0.22610581433400512,1.037714653863975,0.29879528428136837,1.1473644558560596,0.25031581448274665,1.0589682742653486,0.22610581433400512,0.975523772736714,0.29879528428136837,1.1847853375218211,0.25031581448274665,0.8365291093950346,0.22610581433400512,0.7314609718982596,0.29879528428136837,0.978577097321473,0.25031581448274665,0.9069964466880601,0.22610581433400512,0.7455871871070515,0.29879528428136837,1.0415480640647516
0.2510102589294547,0.9026329163171557,0.2268002587807132,0.9009318325523016,0.29948972872807644,0.9367446694938556,0.2510102589294547,1.0596633515375018,0.2268002587807132,0.8850429537312757,0.29948972872807644,0.8648729998459289,0.2510102589294547,0.8268721259120173,0.2268002587807132,0.667445765854368,0.29948972872807644,0.9769177728769618,0.2510102589294547,1.0202540837166665,0.2268002587807132,0.6276008257451612,0.29948972872807644,1.2164897885995256
0.2517047033761628,1.113579964578618,0.22749470322742127,0.8940703752992745,0.3001841731747845,0.8713811580821679,0.2517047033761628,0.8687825457564138,0.22749470322742127,0.9913950482858579,0.3001841731747845,1.040044605650317,0.2517047033761628,0.724688244051096,0.22749470322742127,0.650788536816266,0.3001841731747845,1.0912822060265066,0.2517047033761628,1.0641366336427422,0.22749470322742127,0.9238353995469407,0.3001841731747845,0.8911374170495938
0.2523991478228709,0.9674539478742405,0.2281891476668534,0.8954231797872323,0.3008786176214926,1.1051244617084321,0.2523991478228709,0.8331084875678235,0.2281891476668534,0.9860857435908789,0.3008786176214926,0.7816352165060789,0.2523991478228709,0.9013297399735852,0.2281891476668534,0.9209064975358077,0.3008786176214926,0.9866258827306679,0.2523991478228709,0.9451656594498448,0.2281891476668534,0.8282997147631816,0.3008786176214926,0.8491278853695723
0.25309359225502703,1.0310224129663839,0.22888359211356146,0.9388933811405693,0.30157306205364875,0.9054662006084895,0.25309359225502703,0.9943250720775674,0.22888359211356146,0.8525337391944028,0.30157306205364875,1.0891465354931895,0.25309359225502703,0.9295659154718285,0.22888359211356146,0.7498299169931011,0.30157306205364875,1.301501015101265,0.25309359225502703,1.0039125568167324,0.22888359211356146,0.8385013803149276,0.30157306205364875,0.8783249857616277
0.25378803670901107,1.0147843593672887,0.22957803655299358,0.8780669816448634,0.3022675065076328,1.1125978052327552,0.25378803670901107,0.9570159140267666,0.22957803655299358,1.0187428242624175,0.3022675065076328,1.041908408455276,0.25378803670901107,0.8531711461028877,0.22957803655299358,0.7043379882560074,0.3022675065076328,1.052575989987632,0.25378803670901107,0.9337579201954301,0.22957803655299358,0.8641155785953388,0.3022675065076328,1.071550271429902
0.2544824811484432,1.0902302163543873,0.23027248099970166,1.04422154557949,0.3029619509470649,0.9570508025981866,0.2544824811484432,0.9360604430583566,0.23027248099970166,0.877844070246323,0.3029619509470649,0.9356684606282674,0.2544824811484432,1.0464727251381758,0.23027248099970166,0.8807938881842258,0.3029619509470649,0.929873886763783,0.2544824811484432,1.0136803204862044,0.23027248099970166,0.9219018459608573,0.3029619509470649,0.9930251185157057
0.25517692559515126,0.8620856496435078,0.23096692544640973,0.8601891779887116,0.303656395393773,0.8754864263682326,0.25517692559515126,1.1158061157277905,0.23096692544640973,1.0177651059197803,0.303656395393773,0.9062011470740448,0.25517692559515126,1.0393207193834384,0.23096692544640973,0.6417247026871239,0.303656395393773,1.1231175189910227,0.25517692559515126,0.9475347230540326,0.23096692544640973,0.9904413046400371,0.303656395393773,1.0339702418262697
0.25587137004185934,1.1513551747388595,0.23166136988584185,0.8992117783346345,0.30435083984048106,0.9826599234385915,0.25587137004185934,0.9915371252604435,0.23166136988584185,0.8698112679356224,0.30435083984048106,1.0654278547960188,0.25587137004185934,0.8215063559940422,0.23166136988584185,0.7299747186186808,0.30435083984048106,0.9460804673983969,0.25587137004185934,0.8683972016076308,0.23166136988584185,0.7777028308959726,0.30435083984048106,0.977242207934774
0.25656581448129145,1.005444158433612,0.23235581433254993,0.9682754851172729,0.3050452842799132,1.0923171280830453,0.25656581448129145,1.1043192662670664,0.23235581433254993,0.8465500869051921,0.3050452842799132,1.0386291704190629,0.25656581448129145,0.9449067612477541,0.23235581433254993,0.7471073370897819,0.3050452842799132,1.0277669173824204,0.25656581448129145,1.1485037062683237,0.23235581433254993,0.7169064578790857,0.3050452842799132,1.0738565519446934
0.25726025892799953,0.9188731651137209,0.23305025877198204,1.0144438066885515,0.30573972872662125,1.1028491778898482,0.25726025892799953,1.175225933329797,0.23305025877198204,0.9901935307699219,0.30573972872662125,1.1813357348363154,0.25726025892799953,0.8969975086366866,0.23305025877198204,0.763543428771544,0.30573972872662125,1.0044803930270054,0.25726025892799953,0.827740572281633,0.23305025877198204,1.0319290871298534,0.30573972872662125,0.9201573989698886
0.25768359283392783,1.0878842096635748,0.23347340759937651,0.9950975897087853,0.30616324771835934,0.8525097611374071,0.25768359283392783,0.949608701951054,0.23347340759937651,0.8620212491588379,0.30616324771835934,0.7968431707631077,0.25768359283392783,1.078194769570785,0.23347340759937651,1.0087725101358072,0.30616324771835934,0.9259596660539222,0.25768359283392783,1.2558767285705057,0.23347340759937651,0.9971075951481536,0.30616324771835934,0.9309155467845976
